Var0,Var1,Var2,Var3,Var4
1.91791,1.90017,2.39397,1.71872,3.06922
1.91791,1.90017,2.39397,1.71872,3.06922
1.91791,1.90017,2.39397,1.71872,3.06922
1.91791,1.90017,2.39397,1.71872,3.06922
