h_snow,var1,var2,var3,var4
4.8161e-10,0.126297,7.25515e-09,1.84593,0.203464
0,0,0,0,0
0,0,0,0,0
0,0,0,0,0
0,0,0,0,0
