h_snow,var1,var2,var3,var4
0.001,3.45074,0,1.8394,0.192858
0.001,3.45074,0,1.8394,0.192858
0.001,3.45074,0,1.8394,0.192858
0.001,3.45074,0,1.8394,0.192858
0.001,3.45074,0,1.8394,0.192858
0.001,3.45074,0,1.8394,0.192858
0.001,3.45074,0,1.8394,0.192858
0.001,3.45074,0,1.8394,0.192858
0.001,3.45074,0,1.8394,0.192858
0.001,3.45074,0,1.8394,0.192858
